-- Users
-- Alice's password: pa55word, Bob's password: 12345
INSERT INTO USER (ID, USERNAME, PASSHASH) VALUES(1, 'Alice', '01bbd007a1040e3b62417e176caf7e6fa5aabdd724626c22a011e9e4e992ac35');
INSERT INTO USER (ID, USERNAME, PASSHASH) VALUES(2, 'Bob', '7d4e3eec80026719639ed4dba68916eb94c7a49a053e05c8f9578fe4e5a3d7ea');

-- Airports
INSERT INTO AIRPORT (ID, NAME, CODE, LATITUDE, LONGITUDE, TIMEZONE) VALUES (1, 'Auckland International Airport', 'AKL', -37.0082, 174.7850, 'Pacific/Auckland');
INSERT INTO AIRPORT (ID, NAME, CODE, LATITUDE, LONGITUDE, TIMEZONE) VALUES (2, 'Sydney International Airport', 'SYD', -33.9399, 151.1753, 'Australia/Sydney');
INSERT INTO AIRPORT (ID, NAME, CODE, LATITUDE, LONGITUDE, TIMEZONE) VALUES (3, 'Tokyo Narita International Airport', 'NRT', 35.7720, 140.3929, 'Asia/Tokyo');
INSERT INTO AIRPORT (ID, NAME, CODE, LATITUDE, LONGITUDE, TIMEZONE) VALUES (4, 'Singapore Changi International Airport', 'SIN', 1.3644, 103.9915, 'Asia/Singapore');

-- Aircraft layout - 787-9 Dreamliner (Air NZ, source: https://www.seatguru.com/airlines/Air_New_Zealand/Air_New_Zealand_Boeing_787-9.php)
INSERT INTO AIRCRAFTTYPE (ID, NAME) VALUES(1, '787-9 Dreamliner');
INSERT INTO AIRCRAFTTYPE_SEATINGZONES (AIRCRAFTTYPE_ID, CABINCLASS, NUMROWS, STARTINGROWNUMBER, SEATCODEDATA) VALUES(1, 'Business', 6, 1, 'AJK');
INSERT INTO AIRCRAFTTYPE_SEATINGZONES (AIRCRAFTTYPE_ID, CABINCLASS, NUMROWS, STARTINGROWNUMBER, SEATCODEDATA) VALUES(1, 'Premium', 3, 23, 'ABDEFJK');
INSERT INTO AIRCRAFTTYPE_SEATINGZONES (AIRCRAFTTYPE_ID, CABINCLASS, NUMROWS, STARTINGROWNUMBER, SEATCODEDATA) VALUES(1, 'Economy', 1, 34, 'JK');
INSERT INTO AIRCRAFTTYPE_SEATINGZONES (AIRCRAFTTYPE_ID, CABINCLASS, NUMROWS, STARTINGROWNUMBER, SEATCODEDATA) VALUES(1, 'Economy', 15, 35, 'ABCDEFHJK');
INSERT INTO AIRCRAFTTYPE_SEATINGZONES (AIRCRAFTTYPE_ID, CABINCLASS, NUMROWS, STARTINGROWNUMBER, SEATCODEDATA) VALUES(1, 'Economy', 2, 50, 'ABCHJK');
INSERT INTO AIRCRAFTTYPE_SEATINGZONES (AIRCRAFTTYPE_ID, CABINCLASS, NUMROWS, STARTINGROWNUMBER, SEATCODEDATA) VALUES(1, 'Economy', 12, 52, 'ABCDEFHJK');
INSERT INTO AIRCRAFTTYPE_SEATINGZONES (AIRCRAFTTYPE_ID, CABINCLASS, NUMROWS, STARTINGROWNUMBER, SEATCODEDATA) VALUES(1, 'Economy', 2, 64, 'DEF');

-- Aircraft layout - 777-200ER (Singapore Airlines, source: https://www.seatguru.com/airlines/Singapore_Air/Singapore_Air_Boeing_777-200_ER_new.php)
INSERT INTO AIRCRAFTTYPE (ID, NAME) VALUES (2, '777-200ER');
INSERT INTO AIRCRAFTTYPE_SEATINGZONES (AIRCRAFTTYPE_ID, CABINCLASS, NUMROWS, STARTINGROWNUMBER, SEATCODEDATA) VALUES(2, 'Business', 2, 11, 'ADFK');
INSERT INTO AIRCRAFTTYPE_SEATINGZONES (AIRCRAFTTYPE_ID, CABINCLASS, NUMROWS, STARTINGROWNUMBER, SEATCODEDATA) VALUES(2, 'Business', 4, 14, 'ADFK');
INSERT INTO AIRCRAFTTYPE_SEATINGZONES (AIRCRAFTTYPE_ID, CABINCLASS, NUMROWS, STARTINGROWNUMBER, SEATCODEDATA) VALUES(2, 'Business', 1, 18, 'DF');
INSERT INTO AIRCRAFTTYPE_SEATINGZONES (AIRCRAFTTYPE_ID, CABINCLASS, NUMROWS, STARTINGROWNUMBER, SEATCODEDATA) VALUES(2, 'Economy', 16, 31, 'ABCDEGHJK');
INSERT INTO AIRCRAFTTYPE_SEATINGZONES (AIRCRAFTTYPE_ID, CABINCLASS, NUMROWS, STARTINGROWNUMBER, SEATCODEDATA) VALUES(2, 'Economy', 1, 47, 'ACDEGHK');
INSERT INTO AIRCRAFTTYPE_SEATINGZONES (AIRCRAFTTYPE_ID, CABINCLASS, NUMROWS, STARTINGROWNUMBER, SEATCODEDATA) VALUES(2, 'Economy', 2, 48, 'AC');
INSERT INTO AIRCRAFTTYPE_SEATINGZONES (AIRCRAFTTYPE_ID, CABINCLASS, NUMROWS, STARTINGROWNUMBER, SEATCODEDATA) VALUES(2, 'Economy', 10, 50, 'ABCDEGHJK');

-- OK, enough real data, now we're making stuff up...

-- Flights from Auckland - Sydney
INSERT INTO FLIGHT (ID, NAME, AIRCRAFTTYPE_ID, ORIGIN_ID, DESTINATION_ID, DEPARTURETIME, ARRIVALTIME) VALUES(1, 'NZ-103', 1, 1, 2, '2021-08-20T21:00:00', '2021-08-21T00:20:00');
INSERT INTO FLIGHT_SEATPRICINGS(FLIGHT_ID, CABINCLASS, PRICE) VALUES(1, 'Business', 1000);
INSERT INTO FLIGHT_SEATPRICINGS(FLIGHT_ID, CABINCLASS, PRICE) VALUES(1, 'Premium', 500);
INSERT INTO FLIGHT_SEATPRICINGS(FLIGHT_ID, CABINCLASS, PRICE) VALUES(1, 'Economy', 250);

INSERT INTO FLIGHT (ID, NAME, AIRCRAFTTYPE_ID, ORIGIN_ID, DESTINATION_ID, DEPARTURETIME, ARRIVALTIME) VALUES(2, 'NZ-103', 1, 1, 2, '2021-08-21T21:00:00', '2021-08-22T00:20:00');
INSERT INTO FLIGHT_SEATPRICINGS(FLIGHT_ID, CABINCLASS, PRICE) VALUES(2, 'Business', 1000);
INSERT INTO FLIGHT_SEATPRICINGS(FLIGHT_ID, CABINCLASS, PRICE) VALUES(2, 'Premium', 500);
INSERT INTO FLIGHT_SEATPRICINGS(FLIGHT_ID, CABINCLASS, PRICE) VALUES(2, 'Economy', 250);

INSERT INTO FLIGHT (ID, NAME, AIRCRAFTTYPE_ID, ORIGIN_ID, DESTINATION_ID, DEPARTURETIME, ARRIVALTIME) VALUES(3, 'NZ-103', 1, 1, 2, '2021-08-21T23:00:00', '2021-08-22T02:20:00');
INSERT INTO FLIGHT_SEATPRICINGS(FLIGHT_ID, CABINCLASS, PRICE) VALUES(3, 'Business', 1000);
INSERT INTO FLIGHT_SEATPRICINGS(FLIGHT_ID, CABINCLASS, PRICE) VALUES(3, 'Premium', 500);
INSERT INTO FLIGHT_SEATPRICINGS(FLIGHT_ID, CABINCLASS, PRICE) VALUES(3, 'Economy', 250);

-- Flight from Singapore - Tokyo
INSERT INTO FLIGHT (ID, NAME, AIRCRAFTTYPE_ID, ORIGIN_ID, DESTINATION_ID, DEPARTURETIME, ARRIVALTIME) VALUES(4, 'SQ-12', 2, 4, 3, '2021-08-30T01:25', '2021-08-30T08:30');
INSERT INTO FLIGHT_SEATPRICINGS(FLIGHT_ID, CABINCLASS, PRICE) VALUES(4, 'Business', 2000);
INSERT INTO FLIGHT_SEATPRICINGS(FLIGHT_ID, CABINCLASS, PRICE) VALUES(4, 'Economy', 500);